pair,date,high,low,open,close,volume
USDT_BTC,1704067200,1024.16,981.34,979.54,1005.74,977235
USDT_BTC,1704153600,1043.4,1008.07,1009.72,1037.73,620313
USDT_BTC,1704240000,1025.03,995.72,1006.43,1005.97,949006
USDT_BTC,1704326400,1026.85,971.56,1026.27,1000.67,284761
USDT_BTC,1704412800,1013.93,970.66,1007.72,990.71,781056
USDT_BTC,1704499200,1004.87,972.71,1000.5,996.81,975232
USDT_BTC,1704585600,1002.04,968.66,1001.89,995.92,510861
USDT_BTC,1704672000,1015.11,986.62,996.24,1011.17,729525
USDT_BTC,1704758400,1043.06,990.55,1027.88,1013.89,701495
USDT_BTC,1704844800,1045.18,1002.67,1021.43,1018.37,134434
USDT_BTC,1704931200,1047.77,1028.32,1013.83,1040.28,690905
USDT_BTC,1705017600,1065.19,1035.96,1064.66,1042.74,577159
USDT_BTC,1705104000,1044.64,1023.4,1018.74,1039.87,719403
USDT_BTC,1705190400,1051.48,1004.79,1065.25,1034.62,456231
USDT_BTC,1705276800,1045.79,1024.34,1052.55,1036.76,881142
USDT_BTC,1705363200,1074.28,1044.65,1094.06,1066.5,895373
USDT_BTC,1705449600,1103.58,1070.42,1096.17,1087.24,644593
USDT_BTC,1705536000,1123.15,1094.91,1107.38,1111.34,308980
USDT_BTC,1705622400,1123.61,1112.33,1083.84,1115.98,675768
USDT_BTC,1705708800,1120.06,1064.11,1115.56,1092.08,699277
USDT_BTC,1705795200,1129.22,1104.22,1080.98,1109.03,875246
USDT_BTC,1705881600,1128.93,1088.54,1109.69,1100.06,757347
USDT_BTC,1705968000,1091.11,1083.55,1067.47,1089.9,616230
USDT_BTC,1706054400,1080.18,1028.3,1058.96,1056.17,941764
USDT_BTC,1706140800,1075.2,1061.74,1079.91,1070.48,311217
USDT_BTC,1706227200,1095.34,1052.25,1062.1,1067.34,713385
USDT_BTC,1706313600,1077.7,1042.96,1053.24,1072.72,385636
USDT_BTC,1706400000,1079.98,1036.3,1096.28,1066.28,121529
USDT_BTC,1706486400,1099.6,1064.32,1094.32,1085.06,678652
USDT_BTC,1706572800,1097.99,1070.55,1080.78,1077.79,160990
USDT_BTC,1706659200,1075.62,1061.05,1070.8,1068.17,566789
USDT_BTC,1706745600,1098.25,1045.23,1095.08,1075.78,443653
USDT_BTC,1706832000,1073.95,1061.05,1058.06,1070.08,492002
USDT_BTC,1706918400,1091.71,1065.28,1103.98,1079.3,629978
USDT_BTC,1707004800,1101.58,1067.54,1060.21,1070.54,104552
USDT_BTC,1707091200,1116.82,1075.37,1103.7,1093.36,917008
USDT_BTC,1707177600,1135.55,1089.83,1075.14,1103.92,991292
USDT_BTC,1707264000,1101.28,1074.37,1076.8,1094.31,149289
USDT_BTC,1707350400,1109.59,1070.39,1116.46,1096.66,530569
USDT_BTC,1707436800,1144.62,1081.22,1122.12,1112.53,855791
USDT_BTC,1707523200,1139.43,1099.87,1146.91,1125.51,901320
USDT_BTC,1707609600,1148.4,1099.55,1142.41,1130.82,636365
USDT_BTC,1707696000,1127.5,1093.9,1076.53,1099.3,622901
USDT_BTC,1707782400,1098.28,1089.7,1065.18,1092.62,147059
USDT_BTC,1707868800,1125.73,1061.77,1113.98,1094.47,575169
USDT_BTC,1707955200,1080.99,1059.21,1103.7,1074.21,996851
USDT_BTC,1708041600,1080.83,1050.06,1072.39,1063.59,860611
USDT_BTC,1708128000,1085.47,1049.07,1070.12,1076.14,345629
USDT_BTC,1708214400,1115.01,1065.09,1072.07,1096.12,563121
USDT_BTC,1708300800,1118.84,1056.15,1088.06,1087.97,642196
USDT_BTC,1708387200,1079.5,1073.28,1072.17,1075.63,652967
USDT_BTC,1708473600,1083.33,1069.09,1065.72,1075.23,977872
USDT_BTC,1708560000,1082.22,1059.69,1075.42,1073.99,892188
USDT_BTC,1708646400,1126.9,1076.71,1114.37,1102.59,113459
USDT_BTC,1708732800,1114.23,1064.78,1084.35,1096.35,148380
USDT_BTC,1708819200,1121.43,1104.86,1091.11,1109.94,608612
USDT_BTC,1708905600,1101.13,1071.95,1093.59,1097.91,239117
USDT_BTC,1708992000,1137.07,1077.6,1105.05,1106.41,603299
USDT_BTC,1709078400,1143.26,1089.5,1133.43,1111.49,142696
USDT_BTC,1709164800,1134.75,1082.99,1091.26,1104.16,667884
USDT_BTC,1709251200,1094.38,1085.37,1089.9,1092.11,737341
USDT_BTC,1709337600,1082.14,1050.06,1048.43,1078.52,670704
USDT_BTC,1709424000,1133.27,1118.44,1142.08,1119.29,324740
USDT_BTC,1709510400,1161.58,1102.9,1166.2,1135.34,405598
USDT_BTC,1709596800,1156.2,1107.19,1119.02,1129.37,580404
USDT_BTC,1709683200,1155.12,1126.91,1168.13,1135.46,266570
USDT_BTC,1709769600,1205.23,1169.2,1144.17,1172.27,665054
USDT_BTC,1709856000,1226.76,1185.23,1207.88,1206.92,804470
USDT_BTC,1709942400,1228.12,1206.84,1205.76,1218.4,760129
USDT_BTC,1710028800,1219.47,1216.74,1206.44,1218.16,853359
USDT_BTC,1710115200,1214.94,1197.4,1224.89,1213.4,973376
USDT_BTC,1710201600,1204.67,1169.26,1193.63,1200.06,118613
USDT_BTC,1710288000,1212.0,1173.24,1196.46,1195.77,854952
USDT_BTC,1710374400,1216.17,1171.38,1212.36,1190.11,166349
USDT_BTC,1710460800,1187.09,1162.26,1158.8,1176.36,168089
USDT_BTC,1710547200,1212.52,1170.09,1193.65,1186.54,426110
USDT_BTC,1710633600,1191.43,1153.89,1176.34,1157.75,523133
USDT_BTC,1710720000,1169.23,1128.09,1178.0,1156.99,243909
USDT_BTC,1710806400,1170.71,1148.57,1131.47,1152.63,591732
USDT_BTC,1710892800,1164.0,1128.12,1158.32,1132.72,808231
USDT_BTC,1710979200,1126.4,1108.24,1127.58,1111.02,334122
USDT_BTC,1711065600,1128.5,1106.4,1082.76,1113.22,830637
USDT_BTC,1711152000,1147.37,1114.75,1087.36,1116.71,391324
USDT_BTC,1711238400,1163.61,1120.97,1145.74,1143.17,885542
USDT_BTC,1711324800,1134.39,1103.56,1137.07,1113.2,880104
USDT_BTC,1711411200,1123.01,1069.83,1083.63,1097.34,712987
USDT_BTC,1711497600,1080.82,1068.56,1051.14,1072.04,188397
USDT_BTC,1711584000,1105.64,1058.87,1106.85,1076.06,695547
USDT_BTC,1711670400,1084.31,1052.5,1090.0,1082.71,273530
USDT_BTC,1711756800,1106.93,1078.88,1053.23,1083.51,494099
USDT_BTC,1711843200,1107.04,1053.75,1055.7,1077.42,480600
USDT_BTC,1711929600,1109.98,1063.54,1095.03,1079.24,358223
USDT_BTC,1712016000,1087.32,1050.95,1051.17,1060.85,406537
USDT_BTC,1712102400,1037.63,1015.42,1026.55,1031.52,971420
USDT_BTC,1712188800,1055.48,1032.75,1054.23,1035.55,545798
USDT_BTC,1712275200,1051.99,1041.25,1061.66,1041.28,608051
USDT_BTC,1712361600,1055.25,1022.37,1074.88,1045.0,663906
USDT_BTC,1712448000,1098.39,1082.4,1079.74,1088.23,780561
USDT_BTC,1712534400,1074.64,1065.52,1097.57,1070.85,697845
USDT_BTC,1712620800,1073.92,1028.81,1031.46,1049.48,881834
USDT_BTC,1712707200,1063.99,1032.74,1030.25,1037.91,457633
USDT_BTC,1712793600,1053.65,1032.69,1053.97,1045.64,139710
USDT_BTC,1712880000,1079.94,1027.04,1051.82,1051.3,908757
USDT_BTC,1712966400,1081.87,1040.35,1074.88,1053.48,875269
USDT_BTC,1713052800,1080.25,1054.31,1065.82,1064.73,636733
USDT_BTC,1713139200,1063.13,1046.63,1068.91,1057.98,164698
USDT_BTC,1713225600,1084.82,1065.56,1076.09,1083.99,556769
USDT_BTC,1713312000,1137.67,1099.98,1122.14,1109.98,128939
USDT_BTC,1713398400,1180.31,1131.11,1154.25,1149.21,524620
USDT_BTC,1713484800,1166.76,1137.65,1132.35,1163.71,227021
USDT_BTC,1713571200,1199.44,1165.43,1138.46,1167.73,915203
USDT_BTC,1713657600,1148.6,1123.63,1149.45,1131.33,876153
USDT_BTC,1713744000,1121.89,1063.92,1116.69,1095.17,407755
USDT_BTC,1713830400,1114.46,1074.12,1088.53,1088.54,410420
USDT_BTC,1713916800,1074.12,1046.96,1073.14,1072.34,473750
USDT_BTC,1714003200,1101.73,1062.77,1081.36,1090.26,803771
USDT_BTC,1714089600,1094.39,1067.0,1104.65,1083.79,886993
USDT_BTC,1714176000,1097.52,1058.64,1099.19,1076.41,221309
USDT_BTC,1714262400,1100.93,1046.9,1059.16,1072.17,178709
USDT_BTC,1714348800,1079.34,1072.87,1061.44,1076.27,443409
USDT_BTC,1714435200,1097.59,1066.37,1082.57,1086.24,302226
USDT_BTC,1714521600,1126.69,1072.75,1111.63,1097.56,555032
USDT_BTC,1714608000,1120.93,1066.77,1099.68,1092.29,979023
USDT_BTC,1714694400,1119.41,1096.74,1094.09,1107.49,891878
USDT_BTC,1714780800,1094.52,1060.94,1093.51,1090.48,541814
USDT_BTC,1714867200,1139.28,1091.18,1130.12,1111.0,485968
USDT_BTC,1714953600,1100.9,1066.69,1104.92,1073.73,558997
USDT_BTC,1715040000,1099.12,1082.25,1121.41,1092.17,338549
USDT_BTC,1715126400,1128.47,1105.01,1136.86,1106.58,983736
USDT_BTC,1715212800,1155.45,1121.62,1145.82,1122.99,561931
USDT_BTC,1715299200,1128.4,1102.81,1097.39,1111.44,858047
USDT_BTC,1715385600,1107.09,1062.36,1060.91,1093.18,498540
USDT_BTC,1715472000,1089.36,1068.01,1079.79,1079.56,690192
USDT_BTC,1715558400,1118.13,1081.25,1128.32,1108.73,850291
USDT_BTC,1715644800,1111.65,1104.61,1108.46,1110.67,847485
USDT_BTC,1715731200,1137.65,1088.61,1116.26,1110.59,604858
USDT_BTC,1715817600,1091.24,1050.87,1058.66,1074.93,644066
USDT_BTC,1715904000,1071.95,1056.73,1083.64,1069.87,975966
USDT_BTC,1715990400,1065.01,1037.78,1045.45,1063.74,128715
USDT_BTC,1716076800,1049.72,1010.75,1035.84,1041.96,642265
USDT_BTC,1716163200,1058.48,1026.24,1066.01,1056.05,187858
USDT_BTC,1716249600,1071.2,1030.11,1021.06,1048.03,224652
USDT_BTC,1716336000,1018.27,1013.66,997.69,1015.42,749500
USDT_BTC,1716422400,1033.53,987.27,1008.54,1006.27,773387
USDT_BTC,1716508800,1037.71,1018.52,1009.94,1023.52,906696
USDT_BTC,1716595200,1012.7,993.79,1012.51,1012.54,368514
USDT_BTC,1716681600,1013.62,1000.47,1015.56,1008.06,853988
USDT_BTC,1716768000,1037.17,986.7,1017.19,1010.81,234077
USDT_BTC,1716854400,1017.52,985.49,995.59,991.95,607783
USDT_BTC,1716940800,994.9,947.71,948.68,966.34,783378
USDT_BTC,1717027200,995.18,963.27,994.16,976.43,391263
USDT_BTC,1717113600,993.2,971.24,967.31,987.54,359353
USDT_BTC,1717200000,1035.73,1007.73,1007.4,1021.09,763248
USDT_BTC,1717286400,1042.8,1011.72,1038.42,1029.83,247716
USDT_BTC,1717372800,1063.42,1052.32,1043.27,1052.45,810112
USDT_BTC,1717459200,1089.54,1048.7,1067.21,1069.3,526868
USDT_BTC,1717545600,1115.73,1063.2,1099.84,1086.34,163719
USDT_BTC,1717632000,1109.38,1055.3,1091.11,1078.94,595826
USDT_BTC,1717718400,1066.42,1036.8,1072.62,1061.59,687810
USDT_BTC,1717804800,1064.35,1059.63,1069.49,1062.24,943658
USDT_BTC,1717891200,1077.98,1038.92,1049.33,1055.85,328136
USDT_BTC,1717977600,1074.25,1033.47,1077.41,1063.8,797456
USDT_BTC,1718064000,1071.48,1057.86,1056.3,1067.55,230442
USDT_BTC,1718150400,1097.84,1062.94,1077.19,1080.56,299553
USDT_BTC,1718236800,1090.84,1061.11,1066.75,1080.87,390463
USDT_BTC,1718323200,1122.96,1069.53,1111.25,1098.32,295161
USDT_BTC,1718409600,1139.96,1120.78,1153.88,1126.33,356198
USDT_BTC,1718496000,1151.48,1105.73,1104.86,1130.2,458681
USDT_BTC,1718582400,1162.95,1152.47,1163.3,1156.69,400313
USDT_BTC,1718668800,1173.3,1128.27,1157.33,1147.62,748783
USDT_BTC,1718755200,1185.8,1149.74,1143.48,1159.77,396674
USDT_BTC,1718841600,1169.42,1110.5,1119.54,1136.14,904611
USDT_BTC,1718928000,1158.96,1135.65,1136.45,1144.64,898541
USDT_BTC,1719014400,1184.74,1133.34,1161.07,1156.05,255173
USDT_BTC,1719100800,1210.35,1156.05,1213.62,1179.38,947850
USDT_BTC,1719187200,1194.71,1163.47,1147.89,1179.0,890289
USDT_BTC,1719273600,1231.09,1166.98,1198.7,1198.81,127923
USDT_BTC,1719360000,1193.9,1157.62,1168.99,1171.76,822258
USDT_BTC,1719446400,1166.22,1138.09,1141.08,1147.02,478418
USDT_BTC,1719532800,1164.19,1152.62,1157.59,1161.95,114408
USDT_BTC,1719619200,1197.78,1156.37,1203.77,1170.76,103653
USDT_BTC,1719705600,1177.96,1174.22,1204.15,1175.88,172374
USDT_BTC,1719792000,1210.88,1144.45,1209.24,1178.16,844882
USDT_BTC,1719878400,1182.73,1136.26,1193.9,1168.13,873392
USDT_BTC,1719964800,1176.22,1125.67,1128.08,1145.26,284860
USDT_BTC,1720051200,1170.99,1125.49,1164.0,1158.22,989157
USDT_BTC,1720137600,1182.19,1154.85,1201.93,1167.09,530159
USDT_BTC,1720224000,1171.54,1135.53,1138.93,1138.64,921041
USDT_BTC,1720310400,1132.9,1098.58,1095.09,1123.15,897596
USDT_BTC,1720396800,1117.23,1095.3,1108.74,1115.09,906422
USDT_BTC,1720483200,1108.74,1076.7,1096.97,1095.66,264995
USDT_BTC,1720569600,1066.48,1063.97,1035.47,1065.69,482183
USDT_BTC,1720656000,1086.42,1060.52,1088.45,1072.33,625987
USDT_BTC,1720742400,1102.56,1066.33,1094.77,1078.61,563790
USDT_BTC,1720828800,1129.92,1100.99,1091.47,1106.3,985569
USDT_BTC,1720915200,1156.56,1146.94,1145.2,1151.86,209977
USDT_BTC,1721001600,1174.83,1129.57,1119.92,1152.81,799271
USDT_BTC,1721088000,1151.61,1112.62,1166.5,1135.71,746439
USDT_BTC,1721174400,1155.78,1131.05,1110.49,1142.62,324000
USDT_BTC,1721260800,1178.42,1120.69,1131.42,1150.13,614490
USDT_BTC,1721347200,1152.28,1123.41,1146.92,1148.57,441457
USDT_BTC,1721433600,1139.18,1125.31,1145.47,1133.1,905538
USDT_BTC,1721520000,1122.59,1097.69,1090.88,1118.19,444731
USDT_BTC,1721606400,1146.48,1104.37,1112.87,1121.37,304325
USDT_BTC,1721692800,1167.5,1131.2,1173.53,1150.42,758759
USDT_BTC,1721779200,1191.68,1145.07,1168.78,1176.42,847817
USDT_BTC,1721865600,1170.28,1166.11,1175.59,1167.21,683784
USDT_BTC,1721952000,1163.98,1149.49,1179.84,1162.49,302584
USDT_BTC,1722038400,1170.1,1136.72,1163.7,1166.55,509493
USDT_BTC,1722124800,1230.5,1203.07,1196.04,1214.7,903672
USDT_BTC,1722211200,1216.15,1181.28,1233.92,1209.52,285838
USDT_BTC,1722297600,1220.58,1207.45,1212.14,1219.44,232782
USDT_BTC,1722384000,1212.44,1192.76,1185.57,1210.58,905309
USDT_BTC,1722470400,1198.48,1159.77,1201.89,1179.01,469173
USDT_BTC,1722556800,1152.92,1112.02,1113.79,1137.89,671218
USDT_BTC,1722643200,1190.05,1130.47,1140.31,1159.24,780516
USDT_BTC,1722729600,1206.93,1166.72,1157.47,1175.69,778069
USDT_BTC,1722816000,1177.98,1170.78,1190.28,1176.24,429560
USDT_BTC,1722902400,1208.28,1193.73,1214.59,1203.14,718162
USDT_BTC,1722988800,1201.69,1151.94,1148.76,1176.12,987523
USDT_BTC,1723075200,1174.95,1125.81,1173.34,1152.84,798256
USDT_BTC,1723161600,1159.8,1119.28,1120.78,1129.19,756998
USDT_BTC,1723248000,1150.78,1108.79,1167.04,1133.77,829587
USDT_BTC,1723334400,1151.87,1089.3,1124.21,1122.23,192109
USDT_BTC,1723420800,1099.79,1087.4,1103.28,1098.18,353539
USDT_BTC,1723507200,1137.34,1086.27,1107.36,1105.69,835677
USDT_BTC,1723593600,1104.04,1069.87,1102.57,1100.23,850996
USDT_BTC,1723680000,1099.07,1083.89,1097.7,1088.94,378559
USDT_BTC,1723766400,1087.42,1046.48,1035.31,1056.31,819714
USDT_BTC,1723852800,1055.68,1019.22,1047.84,1032.49,656323
USDT_BTC,1723939200,1053.53,1040.09,1029.04,1040.23,602174
USDT_BTC,1724025600,1060.26,1022.15,1042.77,1053.43,557797
USDT_BTC,1724112000,1072.97,1029.81,1036.32,1055.26,218560
USDT_BTC,1724198400,1078.17,1046.76,1044.32,1058.1,804649
USDT_BTC,1724284800,1066.48,1029.63,1008.4,1038.97,563227
USDT_BTC,1724371200,1052.8,1010.95,1052.21,1034.54,691509
USDT_BTC,1724457600,1024.58,987.41,1036.1,1014.24,912290
USDT_BTC,1724544000,1009.15,978.23,961.37,985.6,505696
USDT_BTC,1724630400,1030.71,1011.55,1004.04,1016.25,459933
USDT_BTC,1724716800,1026.05,985.21,1033.82,1013.08,170870
USDT_BTC,1724803200,1029.67,982.14,1008.07,1004.64,913120
USDT_BTC,1724889600,1083.08,1043.89,1056.09,1054.73,660023
USDT_BTC,1724976000,1078.76,1046.67,1049.19,1055.14,937576
USDT_BTC,1725062400,1063.74,1030.91,1045.36,1061.7,400601
USDT_BTC,1725148800,1093.33,1061.25,1037.76,1063.05,120613
USDT_BTC,1725235200,1091.05,1061.82,1104.08,1078.1,398193
USDT_BTC,1725321600,1090.78,1070.09,1082.76,1085.5,946110
USDT_BTC,1725408000,1098.41,1062.86,1076.15,1077.21,239733
USDT_BTC,1725494400,1072.6,1056.88,1041.61,1058.3,389650
USDT_BTC,1725580800,1083.8,1056.25,1065.48,1070.22,404807
USDT_BTC,1725667200,1059.71,1038.19,1036.05,1051.54,216886
USDT_BTC,1725753600,1035.2,998.99,1030.31,1022.77,460614
USDT_BTC,1725840000,1031.32,1005.81,1026.63,1022.92,627699
USDT_BTC,1725926400,1061.92,1046.89,1036.97,1049.77,545328
USDT_BTC,1726012800,1074.42,1043.31,1072.15,1052.34,207057
USDT_BTC,1726099200,1089.33,1059.61,1059.51,1075.1,958652
USDT_BTC,1726185600,1098.72,1083.24,1114.27,1088.02,166763
USDT_BTC,1726272000,1108.1,1073.83,1061.25,1083.64,295746
USDT_BTC,1726358400,1106.76,1072.42,1091.86,1092.47,707890
USDT_BTC,1726444800,1118.44,1088.96,1110.36,1096.32,907505
USDT_BTC,1726531200,1137.86,1081.57,1074.61,1105.19,357917
USDT_BTC,1726617600,1133.36,1072.63,1097.09,1104.08,865799
USDT_BTC,1726704000,1103.33,1074.75,1092.13,1079.81,386898
USDT_BTC,1726790400,1104.61,1091.62,1094.62,1093.91,212946
USDT_BTC,1726876800,1118.88,1066.39,1096.28,1098.58,329773
USDT_BTC,1726963200,1090.98,1053.66,1093.67,1063.74,916106
USDT_BTC,1727049600,1055.16,1028.1,1065.73,1034.92,551596
USDT_BTC,1727136000,1092.91,1062.7,1087.73,1065.38,230405
USDT_BTC,1727222400,1085.96,1069.48,1114.71,1084.43,319348
USDT_BTC,1727308800,1099.86,1050.47,1049.02,1074.16,224732
USDT_BTC,1727395200,1086.71,1057.06,1063.5,1059.36,143569
USDT_BTC,1727481600,1083.91,1052.36,1088.08,1065.14,464906
USDT_BTC,1727568000,1075.96,1034.39,1051.32,1063.16,657582
USDT_BTC,1727654400,1095.16,1060.5,1077.2,1073.28,498033
USDT_BTC,1727740800,1091.86,1079.35,1075.5,1089.81,311944
USDT_BTC,1727827200,1078.31,1061.79,1082.57,1071.1,356020
USDT_BTC,1727913600,1058.8,1025.03,1018.85,1048.93,266189
USDT_BTC,1728000000,1055.12,1023.11,1044.26,1041.08,935625
USDT_BTC,1728086400,1079.94,1049.17,1072.32,1068.77,445860
USDT_BTC,1728172800,1086.53,1035.35,1042.68,1064.01,363113
USDT_BTC,1728259200,1075.76,1028.8,1032.0,1052.28,552039
USDT_BTC,1728345600,1053.44,1013.09,1056.7,1038.32,859618
USDT_BTC,1728432000,1080.51,1046.93,1045.29,1056.91,992871
USDT_BTC,1728518400,1056.03,1012.81,1069.13,1043.64,779330
USDT_BTC,1728604800,1047.08,1003.37,1015.53,1033.54,800011
USDT_BTC,1728691200,1049.8,1032.92,1018.44,1041.74,308621
USDT_BTC,1728777600,1033.87,1007.52,1013.32,1033.42,256159
USDT_BTC,1728864000,1053.12,1050.22,1031.01,1051.78,163679
USDT_BTC,1728950400,1047.7,1014.76,1025.53,1035.14,222957
USDT_BTC,1729036800,1082.01,1039.34,1092.24,1064.92,249602
USDT_BTC,1729123200,1074.73,1056.15,1050.05,1062.56,669817
USDT_BTC,1729209600,1115.78,1108.72,1117.98,1110.66,270681
USDT_BTC,1729296000,1160.61,1123.38,1133.67,1127.72,419802
USDT_BTC,1729382400,1169.58,1119.72,1156.0,1145.59,115469
USDT_BTC,1729468800,1153.54,1119.96,1160.84,1142.29,965944
USDT_BTC,1729555200,1131.64,1096.05,1134.59,1118.91,462885
USDT_BTC,1729641600,1127.34,1083.84,1119.51,1108.28,540539
USDT_BTC,1729728000,1142.08,1124.07,1109.97,1132.88,564515
USDT_BTC,1729814400,1176.86,1128.76,1126.04,1144.16,163476
USDT_BTC,1729900800,1169.08,1133.19,1160.31,1140.42,878128
USDT_BTC,1729987200,1192.86,1146.48,1179.79,1162.35,240940
USDT_BTC,1730073600,1177.72,1135.21,1116.26,1150.57,347999
USDT_BTC,1730160000,1151.54,1140.98,1165.41,1141.42,727319
USDT_BTC,1730246400,1118.8,1089.33,1116.07,1117.69,447877
USDT_BTC,1730332800,1127.36,1085.21,1112.97,1098.26,570009
USDT_BTC,1730419200,1098.07,1048.68,1056.12,1080.94,328642
USDT_BTC,1730505600,1101.55,1090.03,1103.32,1097.03,715782
USDT_BTC,1730592000,1102.25,1074.56,1116.28,1093.55,400518
USDT_BTC,1730678400,1077.93,1048.72,1044.28,1068.63,780631
USDT_BTC,1730764800,1088.82,1030.68,1050.02,1057.29,861717
USDT_BTC,1730851200,1080.92,1055.8,1045.39,1067.34,574081
USDT_BTC,1730937600,1108.33,1091.41,1123.44,1101.22,450131
USDT_BTC,1731024000,1130.19,1115.38,1099.41,1121.36,540749
USDT_BTC,1731110400,1112.25,1067.26,1129.08,1100.2,389183
USDT_BTC,1731196800,1134.52,1108.45,1129.39,1117.21,981239
USDT_BTC,1731283200,1112.73,1095.26,1084.24,1106.67,134855
USDT_BTC,1731369600,1103.52,1075.78,1089.07,1097.47,594758
USDT_BTC,1731456000,1121.79,1095.46,1064.3,1096.58,217496
USDT_BTC,1731542400,1135.12,1083.33,1107.99,1111.35,316932
USDT_BTC,1731628800,1118.47,1069.92,1121.71,1102.23,437022
USDT_BTC,1731715200,1154.43,1125.39,1143.54,1130.99,807304
USDT_BTC,1731801600,1160.4,1100.28,1145.01,1127.85,776904
USDT_BTC,1731888000,1107.94,1081.89,1087.91,1098.7,856339
USDT_BTC,1731974400,1078.01,1050.18,1056.31,1059.05,955341
USDT_BTC,1732060800,1071.87,1027.71,1063.26,1044.65,244515
USDT_BTC,1732147200,1061.62,1020.4,1040.9,1032.73,428243
USDT_BTC,1732233600,1035.58,1004.35,984.45,1013.87,636787
USDT_BTC,1732320000,1037.3,1018.25,1015.47,1024.35,568680
USDT_BTC,1732406400,1024.43,999.76,1013.06,1022.91,561247
USDT_BTC,1732492800,1021.15,999.88,989.57,1009.53,753509
USDT_BTC,1732579200,1021.41,1000.56,1030.74,1017.55,155298
USDT_BTC,1732665600,1022.19,981.59,1008.9,997.42,572430
USDT_BTC,1732752000,1031.33,991.57,1001.81,1021.6,436666
USDT_BTC,1732838400,1024.72,981.3,1008.52,1002.51,144159
USDT_BTC,1732924800,1008.5,973.91,992.49,1002.72,271333
USDT_BTC,1733011200,1056.06,999.63,1026.0,1028.97,358777
USDT_BTC,1733097600,1050.15,1015.34,1007.1,1025.17,666869
USDT_BTC,1733184000,1047.25,1007.15,1019.33,1019.44,102833
USDT_BTC,1733270400,1015.08,984.02,980.95,1008.66,474237
USDT_BTC,1733356800,1059.01,1028.7,1010.38,1041.46,286637
USDT_BTC,1733443200,1028.85,1019.5,1037.17,1026.84,282766
USDT_BTC,1733529600,1028.4,998.63,1045.27,1025.99,763610
USDT_BTC,1733616000,1025.94,1011.03,1001.49,1013.38,279984
USDT_BTC,1733702400,1016.72,986.28,999.49,1009.11,648595
USDT_BTC,1733788800,1038.09,995.44,994.81,1011.72,223136
USDT_BTC,1733875200,1043.08,1005.08,1032.64,1019.27,846867
USDT_BTC,1733961600,1030.52,994.84,1013.62,1008.84,841736
USDT_BTC,1734048000,1025.87,1016.33,1052.46,1023.42,579455
USDT_BTC,1734134400,1045.26,1020.5,1042.16,1022.46,373775
USDT_BTC,1734220800,1052.01,1029.12,1046.62,1040.9,724641
USDT_BTC,1734307200,1065.11,1044.95,1072.27,1054.64,485833
USDT_BTC,1734393600,1072.86,1039.98,1038.26,1050.43,235929
USDT_BTC,1734480000,1117.3,1062.39,1057.97,1086.08,803720
USDT_BTC,1734566400,1093.23,1078.18,1104.39,1080.28,747463
USDT_BTC,1734652800,1080.72,1045.18,1043.09,1073.99,845506
USDT_BTC,1734739200,1073.91,1043.41,1076.94,1064.66,822227
USDT_BTC,1734825600,1112.99,1065.27,1090.16,1082.63,593582
USDT_BTC,1734912000,1109.84,1080.67,1118.17,1100.64,226433
USDT_BTC,1734998400,1087.73,1071.04,1061.53,1081.7,373145
USDT_BTC,1735084800,1107.78,1067.72,1081.87,1089.89,207812
USDT_BTC,1735171200,1092.33,1074.98,1056.78,1081.35,753643
USDT_BTC,1735257600,1077.57,1055.9,1085.16,1058.21,225507
USDT_BTC,1735344000,1065.69,1048.92,1035.41,1059.1,905762
USDT_BTC,1735430400,1069.1,1048.81,1067.81,1049.45,666496
USDT_BTC,1735516800,1038.25,1018.75,1010.07,1036.85,263579
USDT_BTC,1735603200,1039.19,1017.15,1010.97,1020.99,383839
USDT_BTC,1735689600,1062.75,1022.97,1014.09,1038.46,418588
USDT_BTC,1735776000,1073.54,1033.92,1052.01,1051.77,297429
USDT_BTC,1735862400,1067.14,1050.3,1045.88,1053.51,886041
USDT_BTC,1735948800,1096.03,1070.43,1093.89,1080.79,434841
USDT_BTC,1736035200,1059.09,1032.07,1063.32,1042.48,771987
USDT_BTC,1736121600,1087.16,1054.97,1078.22,1055.76,741593
USDT_BTC,1736208000,1087.96,1055.95,1033.73,1059.11,851129
USDT_BTC,1736294400,1074.11,1034.85,1055.93,1063.84,287520
USDT_BTC,1736380800,1077.61,1065.61,1081.68,1071.13,905615
USDT_BTC,1736467200,1065.81,1049.41,1088.21,1057.1,526151
USDT_BTC,1736553600,1084.68,1068.13,1074.54,1073.51,389601
USDT_BTC,1736640000,1078.11,1047.75,1047.1,1062.17,126259
USDT_BTC,1736726400,1046.52,1011.63,1050.9,1030.26,149362
USDT_BTC,1736812800,1046.16,1008.63,1046.35,1033.41,839973
USDT_BTC,1736899200,1041.61,1006.6,1002.96,1026.23,770123
USDT_BTC,1736985600,1026.61,1003.01,1018.62,1004.35,190973
USDT_BTC,1737072000,1019.53,975.59,1025.18,1005.33,157752
USDT_BTC,1737158400,1008.67,973.94,1019.88,993.84,822570
USDT_BTC,1737244800,996.12,964.06,958.89,983.51,646605
USDT_BTC,1737331200,1001.56,959.63,968.91,976.89,407476
USDT_BTC,1737417600,993.97,967.97,955.39,977.82,380092
USDT_BTC,1737504000,990.07,989.28,1012.79,989.79,778525
USDT_BTC,1737590400,1008.27,955.01,1007.76,981.3,634024
USDT_BTC,1737676800,955.63,944.1,975.16,948.21,545835
USDT_BTC,1737763200,997.09,966.72,959.57,983.83,401259
USDT_BTC,1737849600,1008.67,1000.97,1023.67,1002.63,231442
USDT_BTC,1737936000,1042.42,1002.43,1004.49,1014.59,969354
USDT_BTC,1738022400,1041.74,1021.86,1060.52,1035.93,313943
USDT_BTC,1738108800,1075.76,1032.66,1020.5,1047.54,389714
USDT_BTC,1738195200,1077.09,1040.28,1031.76,1050.1,789651
USDT_BTC,1738281600,1061.87,1051.14,1051.83,1054.5,870109
USDT_BTC,1738368000,1052.87,1033.48,1045.67,1036.81,272403
USDT_BTC,1738454400,1081.86,1042.49,1078.81,1056.23,356450
USDT_BTC,1738540800,1083.27,1066.99,1047.51,1078.42,413365
USDT_BTC,1738627200,1099.17,1061.6,1108.67,1092.13,992128
USDT_BTC,1738713600,1138.67,1092.25,1091.71,1109.91,893740
USDT_BTC,1738800000,1109.61,1099.03,1133.93,1107.49,183241
USDT_BTC,1738886400,1134.95,1080.77,1115.33,1104.24,602450
USDT_BTC,1738972800,1093.34,1060.93,1081.4,1074.56,454190
USDT_BTC,1739059200,1060.88,1029.38,1027.43,1055.36,787285
USDT_BTC,1739145600,1052.66,1034.5,1062.32,1048.87,659546
USDT_BTC,1739232000,1021.99,1013.51,1013.83,1021.41,166294
USDT_BTC,1739318400,1045.45,1030.45,1043.36,1038.26,854698
USDT_BTC,1739404800,1076.11,1055.47,1065.27,1058.75,130232
USDT_BTC,1739491200,1069.3,1029.03,1041.04,1041.06,521099
USDT_BTC,1739577600,1056.23,1016.33,1006.58,1034.21,703442
USDT_BTC,1739664000,1026.59,991.98,1036.33,1018.57,340808
USDT_BTC,1739750400,1052.01,1022.84,1052.1,1023.72,179340
USDT_BTC,1739836800,1072.13,1024.01,1075.29,1052.11,866032
USDT_BTC,1739923200,1101.21,1050.53,1090.83,1077.04,723316
USDT_BTC,1740009600,1094.82,1064.22,1059.59,1080.46,232718
USDT_BTC,1740096000,1062.48,1056.69,1070.61,1057.29,910110
USDT_BTC,1740182400,1073.71,1031.17,1066.31,1046.82,665678
USDT_BTC,1740268800,1053.0,1021.74,1010.35,1037.09,577205
USDT_BTC,1740355200,1062.63,1058.99,1054.13,1059.66,691111
USDT_BTC,1740441600,1058.66,1022.56,1037.99,1030.98,992933
USDT_BTC,1740528000,1065.16,1011.85,1070.54,1039.95,507774
USDT_BTC,1740614400,1047.07,1023.04,1005.75,1032.2,191387
USDT_BTC,1740700800,1083.87,1048.98,1084.23,1053.89,808544
USDT_BTC,1740787200,1089.75,1047.4,1045.29,1065.27,497338
USDT_BTC,1740873600,1070.67,1041.64,1044.8,1062.02,391577
USDT_BTC,1740960000,1087.48,1043.6,1054.21,1065.43,366767
USDT_BTC,1741046400,1125.46,1094.91,1074.22,1098.28,626596
USDT_BTC,1741132800,1092.54,1073.18,1067.78,1081.17,110888
USDT_BTC,1741219200,1088.64,1034.46,1056.45,1064.75,948108
USDT_BTC,1741305600,1095.37,1042.51,1084.26,1063.65,406371
USDT_BTC,1741392000,1096.61,1079.01,1075.39,1083.85,255514
USDT_BTC,1741478400,1129.47,1094.57,1135.69,1114.25,258408
USDT_BTC,1741564800,1153.37,1124.2,1112.75,1126.84,669797
USDT_BTC,1741651200,1153.52,1133.45,1166.11,1135.82,936916
USDT_BTC,1741737600,1139.57,1124.28,1106.66,1131.67,870258
USDT_BTC,1741824000,1137.43,1109.92,1111.86,1121.58,399574
USDT_BTC,1741910400,1123.77,1108.38,1118.52,1120.59,428579
USDT_BTC,1741996800,1140.27,1099.56,1141.26,1113.4,449589
USDT_BTC,1742083200,1099.72,1092.75,1093.68,1093.12,816255
USDT_BTC,1742169600,1112.82,1058.72,1085.03,1081.78,253960
USDT_BTC,1742256000,1084.53,1046.2,1061.33,1058.25,233577
USDT_BTC,1742342400,1072.69,1031.27,1058.68,1053.2,443489
USDT_BTC,1742428800,1041.35,1018.72,1014.51,1019.99,638899
USDT_BTC,1742515200,1064.61,1022.03,1048.41,1050.46,378588
USDT_BTC,1742601600,1033.69,1013.71,1012.02,1029.14,978894
USDT_BTC,1742688000,1027.51,1003.25,1015.08,1019.09,866746
USDT_BTC,1742774400,1071.05,1027.46,1074.37,1045.33,189525
USDT_BTC,1742860800,1055.78,1013.26,1050.73,1033.22,423671
USDT_BTC,1742947200,1051.14,1015.95,1040.61,1038.73,725251
USDT_BTC,1743033600,1060.23,1036.7,1063.14,1047.37,492013
USDT_BTC,1743120000,1088.5,1034.51,1028.48,1058.61,942469
USDT_BTC,1743206400,1077.86,1043.59,1076.76,1069.91,812287
USDT_BTC,1743292800,1085.11,1042.56,1097.89,1067.04,801260
USDT_BTC,1743379200,1071.81,1063.17,1081.3,1070.59,921585
USDT_BTC,1743465600,1085.56,1048.41,1097.52,1071.57,760282
USDT_BTC,1743552000,1086.03,1048.0,1048.51,1076.13,806957
USDT_BTC,1743638400,1088.28,1061.64,1043.2,1069.84,283313
USDT_BTC,1743724800,1088.0,1063.17,1089.1,1069.72,694372
USDT_BTC,1743811200,1089.85,1049.84,1048.68,1072.58,181487
USDT_BTC,1743897600,1107.06,1068.38,1115.23,1097.05,721553
USDT_BTC,1743984000,1101.74,1052.28,1086.16,1070.94,526882
USDT_BTC,1744070400,1086.86,1050.36,1079.7,1081.17,771154
USDT_BTC,1744156800,1123.44,1069.06,1069.31,1097.01,502046
USDT_BTC,1744243200,1102.72,1068.17,1113.89,1098.04,483260
USDT_BTC,1744329600,1106.34,1074.99,1097.43,1093.91,111471
USDT_BTC,1744416000,1072.04,1045.37,1049.63,1066.17,438430
USDT_BTC,1744502400,1118.6,1064.49,1078.48,1089.02,260726
USDT_BTC,1744588800,1084.95,1057.04,1112.76,1081.71,536884
USDT_BTC,1744675200,1114.19,1083.8,1103.31,1093.83,726230
USDT_BTC,1744761600,1084.92,1075.4,1071.44,1081.7,903418
USDT_BTC,1744848000,1107.09,1081.1,1068.25,1097.22,769065
USDT_BTC,1744934400,1140.09,1110.71,1095.73,1116.28,137880
USDT_BTC,1745020800,1111.87,1071.02,1094.72,1098.56,645512
USDT_BTC,1745107200,1129.63,1104.05,1098.43,1115.58,802283
USDT_BTC,1745193600,1123.0,1080.8,1119.21,1112.89,119833
USDT_BTC,1745280000,1137.01,1126.94,1120.55,1128.22,198376
USDT_BTC,1745366400,1163.43,1150.26,1169.22,1157.25,537224
USDT_BTC,1745452800,1141.23,1125.36,1155.43,1135.81,921793
USDT_BTC,1745539200,1133.96,1109.99,1097.76,1130.95,823577
USDT_BTC,1745625600,1162.03,1136.84,1136.78,1139.32,314799
USDT_BTC,1745712000,1156.21,1130.38,1172.89,1155.43,480904
USDT_BTC,1745798400,1143.02,1110.72,1161.21,1134.46,423411
USDT_BTC,1745884800,1148.25,1146.14,1121.89,1146.21,121242
USDT_BTC,1745971200,1188.18,1144.15,1162.21,1155.28,767052
USDT_BTC,1746057600,1140.29,1122.36,1129.87,1136.43,868560
USDT_BTC,1746144000,1110.93,1081.33,1137.35,1106.22,548941
USDT_BTC,1746230400,1111.78,1081.43,1117.38,1102.92,472150
USDT_BTC,1746316800,1090.06,1056.69,1107.96,1077.31,215565
USDT_BTC,1746403200,1080.03,1046.96,1068.47,1069.58,138357
USDT_BTC,1746489600,1102.03,1055.48,1093.81,1078.68,424700
USDT_BTC,1746576000,1110.69,1071.17,1077.35,1096.01,179105
USDT_BTC,1746662400,1122.88,1091.19,1121.17,1095.04,889710
USDT_BTC,1746748800,1132.34,1090.18,1102.37,1102.39,206043
USDT_BTC,1746835200,1120.11,1092.86,1127.26,1116.64,693459
USDT_BTC,1746921600,1118.67,1084.87,1079.12,1095.89,140555
USDT_BTC,1747008000,1104.26,1089.4,1072.1,1098.94,410655
USDT_BTC,1747094400,1098.06,1056.68,1115.14,1084.75,140445
USDT_BTC,1747180800,1085.12,1048.76,1076.18,1059.24,386051
USDT_BTC,1747267200,1069.02,1046.29,1038.3,1048.48,913885
USDT_BTC,1747353600,1045.61,1021.92,1008.05,1028.31,236441
USDT_BTC,1747440000,1023.97,1001.14,1009.44,1015.5,364526
USDT_BTC,1747526400,1041.74,1022.81,1035.87,1031.45,580761
USDT_BTC,1747612800,1042.85,1009.45,1046.95,1038.71,884512
USDT_BTC,1747699200,1057.89,1026.93,1012.21,1037.27,523440
USDT_BTC,1747785600,1039.53,1020.62,1062.21,1036.75,177377
USDT_BTC,1747872000,1067.56,1030.95,1063.41,1036.69,286131
USDT_BTC,1747958400,1055.58,1012.26,1063.01,1037.51,407339
USDT_BTC,1748044800,1062.13,1026.24,1082.56,1051.49,331667
USDT_BTC,1748131200,1063.88,1028.37,1046.26,1052.08,877913
USDT_BTC,1748217600,1061.64,1025.58,1041.74,1054.61,899444
USDT_BTC,1748304000,1082.56,1042.76,1078.09,1060.18,279785
USDT_BTC,1748390400,1089.72,1029.58,1076.34,1059.11,370627
USDT_BTC,1748476800,1087.59,1071.02,1060.72,1077.25,692259
USDT_BTC,1748563200,1111.21,1056.51,1077.83,1081.27,623095
USDT_BTC,1748649600,1092.95,1055.74,1098.95,1075.96,475448
USDT_BTC,1748736000,1076.65,1028.42,1068.9,1045.63,830742
USDT_BTC,1748822400,1040.44,1026.37,1059.95,1036.9,352523
USDT_BTC,1748908800,1074.89,1025.64,1048.83,1055.3,325900
USDT_BTC,1748995200,1077.21,1060.43,1036.34,1061.23,557161
USDT_BTC,1749081600,1073.1,1036.98,1069.79,1046.84,781661
USDT_BTC,1749168000,1034.98,995.83,1032.51,1011.16,835371
USDT_BTC,1749254400,1029.01,981.31,1000.75,1007.19,695018
USDT_BTC,1749340800,1034.82,991.98,1036.63,1008.94,454294
USDT_BTC,1749427200,1039.02,1018.52,1004.44,1022.79,417202
USDT_BTC,1749513600,1081.65,1054.95,1064.2,1056.03,989411
USDT_BTC,1749600000,1081.72,1024.81,1040.76,1050.5,760114
USDT_BTC,1749686400,1072.25,1063.92,1078.52,1068.79,840661
USDT_BTC,1749772800,1097.27,1087.28,1108.38,1091.53,741271
USDT_BTC,1749859200,1088.07,1049.02,1071.76,1079.55,769173
USDT_BTC,1749945600,1059.79,1045.51,1060.97,1058.04,233812
USDT_BTC,1750032000,1047.45,1015.51,1015.54,1046.46,566698
USDT_BTC,1750118400,1066.1,1026.11,1057.01,1035.97,369823
USDT_BTC,1750204800,1060.15,1033.58,1066.08,1044.82,164550
USDT_BTC,1750291200,1059.57,1039.18,1037.53,1048.11,366306
USDT_BTC,1750377600,1055.53,1010.59,1014.78,1032.0,446248
USDT_BTC,1750464000,1000.78,982.04,1015.13,985.58,749993
USDT_BTC,1750550400,991.34,961.5,1003.79,986.57,157831
USDT_BTC,1750636800,1009.7,1001.84,1016.52,1005.01,103370
USDT_BTC,1750723200,1012.8,979.96,966.19,988.5,574880
USDT_BTC,1750809600,994.53,961.32,965.57,987.65,592828
USDT_BTC,1750896000,1007.13,991.73,974.34,998.05,362677
USDT_BTC,1750982400,1022.57,1004.63,995.49,1010.21,161125
USDT_BTC,1751068800,1050.15,1034.03,1022.5,1034.92,873235
USDT_BTC,1751155200,1057.08,1010.61,1032.32,1038.63,539552
USDT_BTC,1751241600,1054.31,1018.57,1027.16,1031.56,648996
USDT_BTC,1751328000,1047.49,1022.94,1037.95,1039.42,625459
USDT_BTC,1751414400,1046.19,1018.88,1011.6,1023.98,879856
USDT_BTC,1751500800,1051.82,1033.36,1011.82,1041.17,907215
USDT_BTC,1751587200,1022.97,996.88,1013.52,1020.29,805037
USDT_BTC,1751673600,1017.51,1008.42,988.21,1010.59,430002
USDT_BTC,1751760000,1026.83,976.42,989.91,1003.37,519910
USDT_BTC,1751846400,1040.84,987.97,1035.86,1012.66,870320
USDT_BTC,1751932800,1002.42,980.2,969.13,996.48,211854
USDT_BTC,1752019200,1036.41,1004.67,1009.35,1007.18,519173
USDT_BTC,1752105600,1023.69,996.77,1024.49,1020.45,651027
USDT_BTC,1752192000,1043.85,991.2,1017.9,1020.27,769540
USDT_BTC,1752278400,1031.25,1013.1,1012.36,1015.95,764729
USDT_BTC,1752364800,1047.22,1018.93,1056.58,1032.59,159029
USDT_BTC,1752451200,1065.35,1033.64,1053.78,1058.93,670471
USDT_BTC,1752537600,1059.94,1040.72,1069.59,1045.92,741135
USDT_BTC,1752624000,1062.36,1029.28,1050.11,1049.86,375162
USDT_BTC,1752710400,1055.21,1029.1,1070.27,1048.63,161643
USDT_BTC,1752796800,1035.11,1020.87,1024.95,1026.19,380183
USDT_BTC,1752883200,1040.77,1000.9,1011.62,1023.65,603541
USDT_BTC,1752969600,1052.99,1031.32,1025.18,1036.39,265575
USDT_BTC,1753056000,1040.68,1008.59,1017.49,1037.04,737541
USDT_BTC,1753142400,1079.49,1039.05,1021.47,1050.52,823860
USDT_BTC,1753228800,1077.64,1024.26,1082.81,1053.84,205051
USDT_BTC,1753315200,1069.73,1033.22,1073.16,1042.03,785721
USDT_BTC,1753401600,1053.71,1032.72,1065.32,1046.07,925523
USDT_BTC,1753488000,1072.32,1052.07,1053.76,1055.42,737449
USDT_BTC,1753574400,1047.68,996.11,1045.95,1025.22,242523
USDT_BTC,1753660800,1053.45,1008.09,1004.4,1030.99,608144
USDT_BTC,1753747200,1061.84,1029.68,1019.4,1047.95,991176
USDT_BTC,1753833600,1058.48,1035.13,1036.26,1056.97,836671
USDT_BTC,1753920000,1031.94,1025.82,1000.37,1031.19,732226
USDT_BTC,1754006400,1053.39,995.78,1010.84,1026.48,504139
USDT_BTC,1754092800,1062.97,1031.26,1068.93,1049.17,693251
USDT_BTC,1754179200,1079.64,1045.18,1058.72,1053.84,622166
USDT_BTC,1754265600,1064.61,1021.14,1018.45,1047.85,627730
USDT_BTC,1754352000,1054.64,1012.3,1010.51,1038.18,443444
USDT_BTC,1754438400,1032.34,1008.42,1017.14,1021.45,781685
USDT_BTC,1754524800,1030.03,998.88,1051.61,1022.41,202322
USDT_BTC,1754611200,1035.41,1019.61,1030.53,1028.39,425234
USDT_BTC,1754697600,1031.94,1013.8,1020.74,1029.04,474169
USDT_BTC,1754784000,1027.72,1002.35,1023.23,1022.72,427388
USDT_BTC,1754870400,1014.07,988.17,996.46,1012.84,355982
USDT_BTC,1754956800,1027.74,991.07,1023.74,1010.25,749476
USDT_BTC,1755043200,1043.09,1003.9,1042.41,1032.94,513980
USDT_BTC,1755129600,1079.14,1029.0,1027.58,1055.61,884081
USDT_BTC,1755216000,1074.13,1031.58,1083.62,1062.54,199729
USDT_BTC,1755302400,1119.92,1076.94,1067.88,1099.52,433002
USDT_BTC,1755388800,1102.99,1096.54,1076.7,1100.17,142761
USDT_BTC,1755475200,1094.89,1067.79,1043.51,1072.33,408695
USDT_BTC,1755561600,1063.43,1047.0,1041.82,1063.15,488519
USDT_BTC,1755648000,1092.45,1056.72,1063.04,1067.68,428773
USDT_BTC,1755734400,1095.35,1058.02,1085.65,1077.9,767949
USDT_BTC,1755820800,1162.04,1105.39,1138.98,1132.14,917827
USDT_BTC,1755907200,1162.68,1129.55,1124.38,1141.71,744082
USDT_BTC,1755993600,1159.52,1123.75,1155.84,1158.2,972481
USDT_BTC,1756080000,1191.69,1135.63,1181.7,1170.41,281877
USDT_BTC,1756166400,1201.48,1159.6,1149.86,1172.54,619481
USDT_BTC,1756252800,1203.65,1165.91,1182.2,1184.51,331255
USDT_BTC,1756339200,1225.68,1222.01,1204.29,1223.64,329359
USDT_BTC,1756425600,1263.5,1248.54,1278.55,1255.95,400926
USDT_BTC,1756512000,1269.44,1228.87,1227.62,1263.15,884966
USDT_BTC,1756598400,1269.06,1228.02,1238.3,1261.15,598940
USDT_BTC,1756684800,1291.05,1259.49,1281.36,1274.98,702578
USDT_BTC,1756771200,1245.46,1238.54,1208.22,1240.94,854682
USDT_BTC,1756857600,1233.7,1184.41,1183.61,1216.28,655841
USDT_BTC,1756944000,1191.31,1179.43,1165.0,1186.19,606494
USDT_BTC,1757030400,1183.63,1144.19,1156.0,1167.85,425810
USDT_BTC,1757116800,1200.71,1177.52,1182.28,1183.27,856318
USDT_BTC,1757203200,1227.05,1193.34,1209.53,1208.3,466980
USDT_BTC,1757289600,1240.38,1196.73,1229.35,1227.8,715186
USDT_BTC,1757376000,1228.63,1199.87,1240.28,1208.26,778776
USDT_BTC,1757462400,1232.42,1166.37,1225.13,1197.26,777575
USDT_BTC,1757548800,1172.17,1159.39,1132.23,1159.95,572247
USDT_BTC,1757635200,1190.81,1129.1,1182.26,1161.11,270065
USDT_BTC,1757721600,1227.14,1194.83,1234.51,1199.31,546047
USDT_BTC,1757808000,1239.27,1204.88,1215.34,1210.52,737984
USDT_BTC,1757894400,1228.96,1189.64,1199.17,1193.33,338270
USDT_BTC,1757980800,1196.15,1159.09,1184.59,1179.62,917801
USDT_BTC,1758067200,1197.8,1146.09,1174.52,1175.64,693688
USDT_BTC,1758153600,1209.5,1176.83,1223.4,1201.75,372817
USDT_BTC,1758240000,1225.59,1193.85,1195.98,1206.08,686805
USDT_BTC,1758326400,1266.12,1244.1,1282.0,1253.19,299031
USDT_BTC,1758412800,1246.47,1200.86,1184.14,1216.08,930172
USDT_BTC,1758499200,1239.08,1202.61,1182.13,1205.8,362892
USDT_BTC,1758585600,1199.16,1163.16,1219.57,1195.98,663880
USDT_BTC,1758672000,1216.5,1178.58,1196.24,1193.2,251057
USDT_BTC,1758758400,1196.3,1157.09,1203.15,1192.19,303693
USDT_BTC,1758844800,1209.84,1173.94,1207.71,1199.19,105158
USDT_BTC,1758931200,1214.15,1169.37,1198.36,1201.74,968435
USDT_BTC,1759017600,1185.16,1154.14,1185.83,1181.74,601518
USDT_BTC,1759104000,1186.03,1144.36,1174.86,1172.7,677881
USDT_BTC,1759190400,1196.35,1156.24,1149.17,1165.35,766598
USDT_BTC,1759276800,1227.15,1163.99,1214.03,1198.53,107592
USDT_BTC,1759363200,1239.43,1177.3,1175.11,1209.49,274083
USDT_BTC,1759449600,1205.81,1176.77,1207.58,1188.61,212410
USDT_BTC,1759536000,1203.6,1174.53,1173.7,1194.73,239719
USDT_BTC,1759622400,1205.37,1178.92,1214.83,1182.08,977222
USDT_BTC,1759708800,1188.68,1132.76,1164.73,1163.55,112695
USDT_BTC,1759795200,1180.64,1146.95,1209.33,1178.25,508975
USDT_BTC,1759881600,1191.86,1142.73,1149.83,1176.45,705120
USDT_BTC,1759968000,1251.8,1192.82,1191.12,1222.58,978357
USDT_BTC,1760054400,1222.24,1191.25,1230.68,1200.83,820960
USDT_BTC,1760140800,1240.26,1176.02,1238.32,1209.92,310249
USDT_BTC,1760227200,1227.52,1200.83,1226.12,1226.33,430218
USDT_BTC,1760313600,1217.57,1193.89,1197.98,1205.8,268788
USDT_BTC,1760400000,1211.77,1166.23,1209.03,1198.1,444875
USDT_BTC,1760486400,1175.9,1150.94,1198.58,1171.56,116363
USDT_BTC,1760572800,1194.35,1145.63,1155.81,1174.14,235270
USDT_BTC,1760659200,1166.56,1141.15,1182.62,1152.71,201661
USDT_BTC,1760745600,1157.82,1119.64,1145.02,1141.71,444902
USDT_BTC,1760832000,1176.36,1129.87,1122.42,1149.99,146161
USDT_BTC,1760918400,1172.29,1114.91,1154.5,1139.7,791121
USDT_BTC,1761004800,1171.31,1135.22,1115.72,1141.31,272681
USDT_BTC,1761091200,1176.92,1116.23,1144.15,1149.9,452576
USDT_BTC,1761177600,1187.28,1151.73,1158.5,1154.53,296644
USDT_BTC,1761264000,1175.2,1139.19,1161.73,1148.42,449617
USDT_BTC,1761350400,1148.19,1124.61,1105.54,1126.33,486258
USDT_BTC,1761436800,1147.28,1094.96,1128.58,1125.42,884635
USDT_BTC,1761523200,1172.71,1114.55,1154.93,1139.75,304480
USDT_BTC,1761609600,1173.54,1141.73,1176.55,1152.89,613364
USDT_BTC,1761696000,1131.49,1128.41,1146.48,1128.44,880283
USDT_BTC,1761782400,1133.79,1109.14,1151.41,1131.85,482863
USDT_BTC,1761868800,1173.04,1146.74,1150.09,1150.37,108678
USDT_BTC,1761955200,1152.99,1112.13,1114.78,1141.68,346469
USDT_BTC,1762041600,1183.62,1146.06,1148.22,1155.88,539271
USDT_BTC,1762128000,1185.69,1141.3,1194.24,1173.62,343120
USDT_BTC,1762214400,1208.13,1181.76,1201.31,1206.06,754040
USDT_BTC,1762300800,1214.08,1148.44,1150.26,1180.33,120276
USDT_BTC,1762387200,1193.27,1160.23,1146.88,1180.14,275828
USDT_BTC,1762473600,1214.85,1174.81,1171.56,1179.52,939852
USDT_BTC,1762560000,1183.81,1175.32,1203.86,1175.96,539462
USDT_BTC,1762646400,1210.63,1146.44,1153.28,1177.48,291903
USDT_BTC,1762732800,1204.69,1169.78,1166.7,1190.42,902524
USDT_BTC,1762819200,1206.54,1202.63,1178.94,1204.39,399399
USDT_BTC,1762905600,1202.19,1164.65,1173.86,1196.2,140673
USDT_BTC,1762992000,1229.78,1183.14,1218.85,1204.07,538570
USDT_BTC,1763078400,1267.82,1233.87,1225.71,1236.51,578871
USDT_BTC,1763164800,1262.17,1217.82,1204.27,1232.98,516054
USDT_BTC,1763251200,1250.97,1238.76,1280.82,1247.12,427547
USDT_BTC,1763337600,1290.98,1238.72,1250.31,1257.41,727943
USDT_BTC,1763424000,1245.97,1213.25,1238.56,1245.18,291355
USDT_BTC,1763510400,1262.32,1219.54,1225.57,1245.53,754105
USDT_BTC,1763596800,1262.35,1213.67,1276.24,1248.96,173627
USDT_BTC,1763683200,1250.87,1226.74,1264.34,1232.66,828927
USDT_BTC,1763769600,1226.13,1189.49,1230.44,1200.62,415481
USDT_BTC,1763856000,1215.47,1170.71,1154.47,1187.28,324979
USDT_BTC,1763942400,1196.9,1150.42,1174.01,1172.06,368025
USDT_BTC,1764028800,1225.22,1185.61,1231.78,1196.45,588148
USDT_BTC,1764115200,1183.48,1150.31,1175.16,1175.47,132814
USDT_BTC,1764201600,1192.3,1142.26,1177.51,1171.5,249343
USDT_BTC,1764288000,1164.4,1144.05,1161.33,1161.28,384023
USDT_BTC,1764374400,1187.96,1126.3,1152.87,1159.85,358510
USDT_BTC,1764460800,1156.68,1116.17,1104.36,1135.87,874537
USDT_BTC,1764547200,1161.59,1116.72,1161.57,1132.07,182640
USDT_BTC,1764633600,1169.5,1125.75,1119.23,1137.81,609017
USDT_BTC,1764720000,1125.75,1088.34,1124.99,1121.52,362524
USDT_BTC,1764806400,1159.94,1113.22,1139.55,1128.98,506578
USDT_BTC,1764892800,1152.99,1136.89,1125.01,1143.01,500299
USDT_BTC,1764979200,1150.19,1120.15,1143.93,1146.18,375598
USDT_BTC,1765065600,1191.87,1132.88,1151.34,1167.27,476737
USDT_BTC,1765152000,1158.83,1147.99,1126.37,1155.69,395044
USDT_BTC,1765238400,1154.07,1125.05,1159.95,1153.22,399682
USDT_BTC,1765324800,1149.01,1120.94,1117.03,1134.52,109487
USDT_BTC,1765411200,1163.39,1108.69,1120.49,1134.5,534467
USDT_BTC,1765497600,1139.39,1132.48,1170.12,1137.85,337161
USDT_BTC,1765584000,1144.42,1087.1,1147.63,1115.9,782500
USDT_BTC,1765670400,1134.44,1111.26,1099.08,1112.29,697587
USDT_BTC,1765756800,1140.61,1105.97,1146.63,1126.72,211642
USDT_BTC,1765843200,1172.58,1128.72,1160.46,1150.42,916077
USDT_BTC,1765929600,1154.85,1117.06,1144.89,1131.03,731934
USDT_BTC,1766016000,1142.11,1114.85,1147.45,1137.28,951927
USDT_BTC,1766102400,1175.67,1128.12,1190.13,1159.55,170691
USDT_BTC,1766188800,1206.92,1190.57,1186.3,1197.15,955965
USDT_BTC,1766275200,1225.52,1191.24,1250.67,1216.69,435953
USDT_BTC,1766361600,1196.51,1176.04,1159.77,1193.15,990041
USDT_BTC,1766448000,1211.35,1174.56,1172.88,1202.41,506709
USDT_BTC,1766534400,1194.09,1164.05,1184.38,1169.29,270633
USDT_BTC,1766620800,1174.82,1140.09,1174.84,1158.14,314000
USDT_BTC,1766707200,1191.06,1143.64,1196.23,1170.34,253757
USDT_BTC,1766793600,1203.62,1169.25,1156.91,1182.08,339486
USDT_BTC,1766880000,1216.5,1160.34,1187.52,1183.96,969554
USDT_BTC,1766966400,1157.76,1151.3,1127.66,1151.44,387391
USDT_BTC,1767052800,1161.76,1136.1,1117.85,1136.79,611623
USDT_BTC,1767139200,1145.68,1110.01,1142.51,1139.19,859254
USDT_BTC,1767225600,1177.94,1123.54,1111.7,1144.29,381505
USDT_BTC,1767312000,1134.96,1123.52,1119.03,1132.33,628343
USDT_BTC,1767398400,1132.96,1121.95,1145.57,1129.12,996668
USDT_BTC,1767484800,1151.74,1091.83,1152.52,1123.14,501374
USDT_BTC,1767571200,1104.93,1082.0,1059.82,1088.6,807521
USDT_BTC,1767657600,1128.07,1118.06,1131.42,1118.74,672680
USDT_BTC,1767744000,1132.56,1099.65,1091.22,1119.05,346030
USDT_BTC,1767830400,1162.82,1125.6,1142.37,1146.64,841277
USDT_BTC,1767916800,1141.98,1122.85,1154.88,1136.21,334994
USDT_BTC,1768003200,1162.69,1140.45,1114.13,1147.69,458582
USDT_BTC,1768089600,1156.54,1110.46,1142.58,1144.15,639218
USDT_BTC,1768176000,1133.03,1114.35,1101.15,1127.9,323139
USDT_BTC,1768262400,1144.71,1108.94,1118.66,1112.32,302344
USDT_BTC,1768348800,1152.77,1100.87,1164.78,1131.07,675962
USDT_BTC,1768435200,1167.94,1103.49,1108.16,1135.76,622912
USDT_BTC,1768521600,1155.75,1107.31,1110.27,1138.56,760578
USDT_BTC,1768608000,1172.11,1124.31,1169.76,1151.54,663578
USDT_BTC,1768694400,1196.86,1164.68,1170.01,1171.7,863258
USDT_BTC,1768780800,1163.24,1124.62,1169.43,1151.35,454770
USDT_BTC,1768867200,1171.89,1128.76,1170.07,1157.54,638025
USDT_BTC,1768953600,1207.38,1154.35,1185.05,1175.85,764564
USDT_BTC,1769040000,1209.86,1162.25,1175.88,1180.33,497827
USDT_BTC,1769126400,1214.08,1174.03,1225.75,1194.11,234245
USDT_BTC,1769212800,1186.12,1151.0,1160.99,1168.82,453867
USDT_BTC,1769299200,1170.64,1158.78,1126.62,1159.83,447778
USDT_BTC,1769385600,1190.17,1170.4,1180.13,1173.72,423518
USDT_BTC,1769472000,1155.15,1135.0,1132.16,1142.42,938245
USDT_BTC,1769558400,1140.34,1102.13,1102.76,1108.06,974102
USDT_BTC,1769644800,1121.97,1089.49,1068.75,1096.77,808670
USDT_BTC,1769731200,1133.82,1110.58,1143.41,1129.1,375615
USDT_BTC,1769817600,1135.38,1073.86,1132.12,1105.66,136293
USDT_BTC,1769904000,1109.42,1067.08,1067.35,1084.4,377934
USDT_BTC,1769990400,1086.78,1046.17,1047.09,1070.18,114356
USDT_BTC,1770076800,1065.68,1036.29,1080.64,1054.62,945634
USDT_BTC,1770163200,1085.98,1041.15,1083.66,1055.04,984225
USDT_BTC,1770249600,1085.44,1039.24,1089.89,1064.66,588313
USDT_BTC,1770336000,1072.18,1063.73,1089.45,1064.7,947802
USDT_BTC,1770422400,1067.48,1012.67,1071.41,1043.04,643577
USDT_BTC,1770508800,1015.73,1004.01,1029.42,1012.19,833610
USDT_BTC,1770595200,1042.24,999.65,987.21,1016.82,197367
USDT_BTC,1770681600,1036.95,1008.08,997.96,1021.11,158115
USDT_BTC,1770768000,1047.85,1007.76,1002.67,1022.83,819032
USDT_BTC,1770854400,1039.6,1015.84,1008.97,1030.81,881399
USDT_BTC,1770940800,1033.01,1008.18,1013.86,1028.23,669045
USDT_BTC,1771027200,1057.44,1027.36,1050.58,1033.69,717316
USDT_BTC,1771113600,1040.48,1007.92,1029.6,1029.76,250096
USDT_BTC,1771200000,995.73,969.89,984.03,988.93,437042
USDT_BTC,1771286400,1012.33,967.32,1006.58,994.86,229053
USDT_BTC,1771372800,1018.43,991.91,1013.58,996.49,969039
USDT_BTC,1771459200,1019.67,977.16,978.61,992.08,837694
USDT_BTC,1771545600,1001.64,988.33,1002.53,991.05,335311
USDT_BTC,1771632000,994.68,967.78,989.87,972.78,963093
USDT_BTC,1771718400,978.34,966.65,979.04,970.83,810648
USDT_BTC,1771804800,971.32,951.67,959.78,955.88,378195
USDT_BTC,1771891200,975.69,935.36,934.4,957.21,886105
USDT_BTC,1771977600,996.51,951.45,977.71,971.99,964107
USDT_BTC,1772064000,975.5,954.98,960.36,963.48,142104
USDT_BTC,1772150400,938.48,931.43,915.48,935.73,641456
USDT_BTC,1772236800,978.96,947.93,984.75,970.29,591310
USDT_BTC,1772323200,984.97,959.19,956.97,978.43,540370
USDT_BTC,1772409600,1012.03,993.72,1013.85,1001.28,770313
USDT_BTC,1772496000,1026.53,999.71,988.08,1001.29,133714
USDT_BTC,1772582400,1005.44,980.57,1000.79,980.63,992017
USDT_BTC,1772668800,999.96,986.93,977.25,991.81,739295
USDT_BTC,1772755200,1012.12,980.96,985.93,984.0,772469
USDT_BTC,1772841600,1000.05,966.32,984.33,990.23,931290
USDT_BTC,1772928000,990.13,943.94,939.78,967.92,151879
USDT_BTC,1773014400,981.58,957.19,957.48,958.49,310176
USDT_BTC,1773100800,958.75,952.82,981.19,958.12,924200
USDT_BTC,1773187200,964.53,930.3,960.2,956.03,687783
USDT_BTC,1773273600,1003.14,980.33,973.53,981.89,616334
USDT_BTC,1773360000,1008.78,980.93,1008.53,989.67,649504
USDT_BTC,1773446400,993.18,949.42,964.16,975.32,442273
USDT_BTC,1773532800,1007.5,978.75,971.66,988.38,254678
USDT_BTC,1773619200,992.67,982.04,1011.68,988.0,162406
USDT_BTC,1773705600,969.3,946.36,958.92,968.27,459151
USDT_BTC,1773792000,1022.23,967.12,1016.59,996.27,734057
USDT_BTC,1773878400,1021.0,979.33,1023.11,1003.99,380918
USDT_BTC,1773964800,989.92,963.97,976.69,987.86,495383
USDT_BTC,1774051200,1035.74,1000.76,1029.76,1007.97,703243
USDT_BTC,1774137600,1027.77,993.34,1027.57,999.13,111341
USDT_BTC,1774224000,968.43,945.36,933.57,958.23,644891
USDT_BTC,1774310400,960.34,945.9,945.03,958.54,136441
USDT_BTC,1774396800,993.94,977.3,954.56,983.4,285956
USDT_BTC,1774483200,982.74,949.01,952.5,973.34,955265
USDT_BTC,1774569600,985.63,973.57,969.69,981.16,193639
USDT_BTC,1774656000,976.89,959.44,969.54,968.89,826502
USDT_BTC,1774742400,966.33,947.39,973.3,961.44,600707
USDT_BTC,1774828800,998.33,961.13,993.85,981.16,385823
USDT_BTC,1774915200,969.04,941.7,934.27,956.26,480010
USDT_BTC,1775001600,995.75,968.39,974.55,969.78,806833
USDT_BTC,1775088000,966.38,936.59,940.76,942.08,427189
USDT_BTC,1775174400,930.76,905.76,926.22,927.31,820711
USDT_BTC,1775260800,974.95,957.03,962.26,962.59,243526
USDT_BTC,1775347200,996.35,956.23,993.98,972.29,915634
USDT_BTC,1775433600,973.31,945.65,942.02,960.33,807688
USDT_BTC,1775520000,939.59,938.0,957.37,938.39,729801
USDT_BTC,1775606400,959.37,951.72,928.52,955.85,428905
USDT_BTC,1775692800,997.12,957.37,971.22,975.79,276268
USDT_BTC,1775779200,986.41,955.2,993.51,977.37,857562
USDT_BTC,1775865600,1019.05,988.33,1010.62,990.79,682148
USDT_BTC,1775952000,1019.9,975.43,965.37,991.4,548917
USDT_BTC,1776038400,995.89,972.52,1001.36,976.32,206657
USDT_BTC,1776124800,993.59,990.18,1006.49,991.44,861781
USDT_BTC,1776211200,995.69,969.72,974.33,976.29,714005
USDT_BTC,1776297600,990.42,947.1,979.58,974.25,381582
USDT_BTC,1776384000,985.46,941.19,968.17,960.16,649719
USDT_BTC,1776470400,977.4,946.0,962.97,965.45,684973
USDT_BTC,1776556800,982.49,952.64,963.43,973.33,465771
USDT_BTC,1776643200,1021.95,995.9,998.52,998.07,724771
USDT_BTC,1776729600,1024.36,998.34,1019.9,1020.2,996008
USDT_BTC,1776816000,1040.59,993.17,1019.17,1021.32,104509
USDT_BTC,1776902400,1041.19,1015.62,1032.89,1027.42,361074
USDT_BTC,1776988800,1063.96,1011.8,1043.53,1034.32,253023
USDT_BTC,1777075200,1028.87,1011.28,1031.93,1015.95,789411
USDT_BTC,1777161600,1026.71,1018.47,1049.26,1021.53,906501
USDT_BTC,1777248000,1015.73,983.72,1007.44,1005.5,610792
USDT_BTC,1777334400,1002.96,970.62,1011.49,998.06,992848
USDT_BTC,1777420800,1022.11,997.9,975.79,999.73,591848
USDT_BTC,1777507200,1027.26,990.15,1014.86,1019.1,773267
USDT_BTC,1777593600,1071.44,1034.53,1021.62,1040.6,986847
USDT_BTC,1777680000,1069.81,1048.27,1048.79,1051.78,615917
USDT_BTC,1777766400,1068.35,1052.25,1078.1,1060.1,679276
USDT_BTC,1777852800,1045.9,1012.67,1052.55,1043.53,746058
USDT_BTC,1777939200,1046.35,1016.08,1034.43,1046.09,766536
USDT_BTC,1778025600,1055.72,1025.12,1024.31,1039.44,938375
USDT_BTC,1778112000,1043.9,997.64,1050.66,1021.52,836312
USDT_BTC,1778198400,1040.53,1005.37,1053.77,1025.49,101984
USDT_BTC,1778284800,1053.27,1039.51,1068.62,1041.41,409424
USDT_BTC,1778371200,1060.89,1017.84,1031.48,1031.59,579388
USDT_BTC,1778457600,1063.14,1052.56,1078.8,1054.64,705656
USDT_BTC,1778544000,1068.99,1038.62,1060.77,1040.78,513513
USDT_BTC,1778630400,1044.28,1016.7,1002.26,1025.16,161453
USDT_BTC,1778716800,1043.03,1015.13,1009.72,1031.45,982692
USDT_BTC,1778803200,1043.31,1008.66,1028.75,1024.68,710883
USDT_BTC,1778889600,1040.02,1005.73,1013.22,1012.31,805132
USDT_BTC,1778976000,1004.85,977.59,1018.38,993.86,254280
USDT_BTC,1779062400,981.94,966.32,979.38,967.19,908502
USDT_BTC,1779148800,967.74,924.88,973.23,952.77,518768
USDT_BTC,1779235200,956.07,930.78,954.4,954.53,843694
USDT_BTC,1779321600,969.73,925.22,933.02,944.29,638945
USDT_BTC,1779408000,981.29,931.3,956.41,953.91,594911
USDT_BTC,1779494400,974.67,933.91,929.01,953.01,191288
USDT_BTC,1779580800,965.54,930.35,929.95,939.17,346069
USDT_BTC,1779667200,971.57,937.98,955.31,957.12,576500
USDT_BTC,1779753600,1002.45,959.89,984.32,982.01,871779
USDT_BTC,1779840000,1006.48,960.32,1003.23,978.68,891283
USDT_BTC,1779926400,958.69,937.5,936.69,945.93,312876
USDT_BTC,1780012800,990.74,962.09,989.37,979.78,110809
USDT_BTC,1780099200,979.43,945.19,973.18,965.15,392656
USDT_BTC,1780185600,977.51,945.61,944.03,957.95,486920
USDT_BTC,1780272000,945.75,932.66,924.48,940.29,549932
USDT_BTC,1780358400,926.62,910.05,923.39,911.46,523624
USDT_BTC,1780444800,924.61,894.19,882.37,909.06,209575
USDT_BTC,1780531200,958.28,918.75,954.89,943.61,937505
USDT_BTC,1780617600,963.99,935.47,937.69,960.5,204679
USDT_BTC,1780704000,1002.99,959.14,979.23,976.53,594005
USDT_BTC,1780790400,995.67,957.06,953.39,980.6,289291
USDT_BTC,1780876800,1006.06,982.06,960.82,990.25,691212
USDT_BTC,1780963200,1026.99,994.28,1017.53,997.77,263027
USDT_BTC,1781049600,1019.51,998.75,1003.06,1003.7,153950
USDT_BTC,1781136000,1008.69,978.13,973.96,988.86,495310
USDT_BTC,1781222400,990.58,967.51,993.87,973.39,642787
USDT_BTC,1781308800,991.57,964.84,971.07,970.49,562974
USDT_BTC,1781395200,986.98,950.88,963.29,968.23,679559
USDT_BTC,1781481600,1006.19,963.28,986.69,980.39,118684
USDT_BTC,1781568000,1016.26,977.21,968.49,987.01,680674
USDT_BTC,1781654400,1007.19,992.05,998.32,995.88,595067
USDT_BTC,1781740800,997.13,969.52,969.84,973.71,642656
USDT_BTC,1781827200,996.83,969.09,989.08,985.09,705192
USDT_BTC,1781913600,998.55,984.31,983.92,987.07,379636
USDT_BTC,1782000000,990.53,981.89,972.1,984.88,920103
USDT_BTC,1782086400,996.37,973.05,961.2,987.18,171574
USDT_BTC,1782172800,988.77,969.74,957.95,983.72,132100
USDT_BTC,1782259200,974.36,940.21,951.66,961.81,274912
USDT_BTC,1782345600,987.28,977.75,969.19,982.68,927913
USDT_BTC,1782432000,1031.91,1005.24,1040.47,1011.73,886938
USDT_BTC,1782518400,1003.02,993.9,969.22,996.29,531966
USDT_BTC,1782604800,1017.54,988.8,977.87,1005.86,172000
USDT_BTC,1782691200,1016.17,989.68,1010.08,1001.08,172051
USDT_BTC,1782777600,1035.44,999.54,980.32,1009.3,806620
USDT_BTC,1782864000,1025.02,1003.47,1000.94,1012.99,174585
USDT_BTC,1782950400,1055.93,1007.12,1000.28,1028.99,574942
USDT_BTC,1783036800,1056.91,1027.06,1045.56,1034.41,806190
USDT_BTC,1783123200,1038.06,1000.33,1007.86,1022.02,442137
USDT_BTC,1783209600,1032.97,1010.56,1034.79,1020.94,337628
USDT_BTC,1783296000,1019.22,977.48,1014.84,1001.19,607148
USDT_BTC,1783382400,1028.92,1000.25,1022.04,1006.54,129180
USDT_BTC,1783468800,1016.53,1003.76,980.78,1005.68,607371
USDT_BTC,1783555200,1018.83,1009.35,1002.77,1018.72,490972
USDT_BTC,1783641600,1034.2,977.86,1010.42,1006.06,494569
USDT_BTC,1783728000,1027.36,983.07,1027.51,999.4,355046
USDT_BTC,1783814400,1024.09,1015.76,1041.65,1021.29,297760
USDT_BTC,1783900800,1031.31,985.52,1031.83,1011.42,342135
USDT_BTC,1783987200,1039.21,991.85,1050.65,1021.02,522596
USDT_BTC,1784073600,1045.6,1037.38,1015.12,1045.42,838943
USDT_BTC,1784160000,1092.14,1039.14,1087.86,1063.31,221115
USDT_BTC,1784246400,1076.59,1045.49,1044.14,1064.12,880736
USDT_BTC,1784332800,1048.76,1039.46,1016.99,1045.05,281110
USDT_BTC,1784419200,1077.99,1028.15,1077.09,1052.77,542170
USDT_BTC,1784505600,1083.12,1046.35,1035.14,1056.71,134598
USDT_BTC,1784592000,1049.85,1035.66,1063.32,1044.81,878107
USDT_BTC,1784678400,1102.48,1079.21,1094.15,1087.99,530285
USDT_BTC,1784764800,1088.18,1061.37,1099.32,1068.11,673095
USDT_BTC,1784851200,1075.48,1040.95,1081.07,1057.56,283538
USDT_BTC,1784937600,1072.96,1042.36,1015.83,1047.07,163568
USDT_BTC,1785024000,1089.57,1069.01,1043.21,1072.23,432409
USDT_BTC,1785110400,1088.66,1053.36,1073.44,1073.88,989308
USDT_BTC,1785196800,1094.61,1038.91,1090.27,1066.3,554490
USDT_BTC,1785283200,1061.4,1034.43,1059.27,1057.71,379635
USDT_BTC,1785369600,1049.55,1027.79,1036.37,1036.58,495897
USDT_BTC,1785456000,1049.85,1037.86,1059.58,1048.09,195784
USDT_BTC,1785542400,1074.24,1059.86,1074.25,1065.9,894353
USDT_BTC,1785628800,1083.48,1059.45,1081.6,1067.1,410819
USDT_BTC,1785715200,1069.23,1035.1,1084.83,1066.26,706226
USDT_BTC,1785801600,1103.45,1048.69,1093.1,1075.13,283134
USDT_BTC,1785888000,1059.47,1035.76,1050.64,1052.37,478303
USDT_BTC,1785974400,1091.97,1072.57,1061.28,1077.36,203943
USDT_BTC,1786060800,1077.24,1047.72,1075.84,1063.69,946673
USDT_BTC,1786147200,1068.53,1037.54,1051.89,1058.56,141633
USDT_BTC,1786233600,1067.83,1036.53,1067.08,1066.09,717230
USDT_BTC,1786320000,1079.17,1051.99,1095.14,1070.47,111591
USDT_BTC,1786406400,1116.19,1080.43,1083.0,1084.77,815797
USDT_BTC,1786492800,1104.15,1045.42,1051.4,1074.71,978712
USDT_BTC,1786579200,1108.95,1096.56,1129.38,1107.09,861779
USDT_BTC,1786665600,1136.81,1084.37,1088.05,1108.45,507285
USDT_BTC,1786752000,1133.78,1105.05,1120.51,1114.89,285909
USDT_BTC,1786838400,1146.57,1106.74,1094.5,1125.64,361376
USDT_BTC,1786924800,1157.57,1134.61,1156.9,1147.55,320969
USDT_BTC,1787011200,1152.29,1137.31,1134.67,1146.72,516634
USDT_BTC,1787097600,1165.72,1136.21,1162.81,1155.9,563681
USDT_BTC,1787184000,1165.71,1127.08,1159.18,1160.1,785377
USDT_BTC,1787270400,1136.97,1126.4,1168.47,1135.42,716902
USDT_BTC,1787356800,1152.01,1131.1,1139.63,1132.34,365839
USDT_BTC,1787443200,1147.26,1098.02,1141.18,1114.36,521813
USDT_BTC,1787529600,1170.72,1111.06,1113.69,1140.71,448506
USDT_BTC,1787616000,1168.55,1143.44,1157.27,1147.31,221115
USDT_BTC,1787702400,1183.13,1143.18,1137.33,1165.88,694569
USDT_BTC,1787788800,1196.34,1168.2,1149.6,1169.17,972424
USDT_BTC,1787875200,1209.11,1162.37,1212.79,1181.54,288438
USDT_BTC,1787961600,1197.47,1161.73,1182.66,1173.83,883052
USDT_BTC,1788048000,1187.06,1136.52,1127.76,1159.18,495307
USDT_BTC,1788134400,1164.55,1122.05,1175.29,1142.58,414520
USDT_BTC,1788220800,1177.18,1126.06,1190.61,1160.08,525513
USDT_BTC,1788307200,1199.42,1143.69,1192.65,1178.2,636625
USDT_BTC,1788393600,1148.56,1109.92,1145.66,1140.63,435031
USDT_BTC,1788480000,1163.03,1110.16,1148.27,1141.19,569864
USDT_BTC,1788566400,1186.91,1150.71,1151.46,1162.12,998304
USDT_BTC,1788652800,1200.73,1158.34,1191.95,1171.83,435604
USDT_BTC,1788739200,1179.85,1130.9,1151.53,1151.52,729198
USDT_BTC,1788825600,1185.64,1138.78,1155.1,1152.28,324797
USDT_BTC,1788912000,1168.14,1128.63,1143.62,1149.96,375465
USDT_BTC,1788998400,1192.52,1147.88,1152.0,1180.47,453189
USDT_BTC,1789084800,1198.97,1148.9,1162.48,1173.77,165807
USDT_BTC,1789171200,1193.97,1154.06,1205.92,1183.36,303524
USDT_BTC,1789257600,1178.22,1153.6,1145.49,1169.43,575240
USDT_BTC,1789344000,1150.01,1146.1,1125.43,1149.29,274925
USDT_BTC,1789430400,1163.76,1118.32,1170.19,1139.78,887693
USDT_BTC,1789516800,1123.86,1091.83,1091.93,1113.25,928872
USDT_BTC,1789603200,1136.51,1108.65,1128.56,1119.38,500603
USDT_BTC,1789689600,1130.64,1124.2,1120.11,1129.32,259900
USDT_BTC,1789776000,1147.75,1127.65,1129.02,1146.88,125634
USDT_BTC,1789862400,1160.75,1109.52,1135.8,1130.42,576954
USDT_BTC,1789948800,1103.57,1075.55,1091.25,1095.83,646422
USDT_BTC,1790035200,1107.91,1071.43,1087.67,1091.32,495499
USDT_BTC,1790121600,1061.49,1047.0,1026.91,1052.28,105249
USDT_BTC,1790208000,1049.65,1040.21,1032.44,1049.52,290147
USDT_BTC,1790294400,1068.4,1047.12,1077.6,1067.93,468377
USDT_BTC,1790380800,1089.81,1062.81,1051.88,1073.58,486757
